INSERT INTO game_types (type_id, type_name, type_description) VALUES (-1, 'Test Game', 'This Game, and all records that have it as their type, exist for testing purposes only');

INSERT INTO card_squares (square) VALUES
    ('square 01'),
    ('square 02'),
    ('square 03'),
    ('square 04'),
    ('square 05'),
    ('square 06'),
    ('square 07'),
    ('square 08'),
    ('square 09'),
    ('square 10'),
    ('square 11'),
    ('square 12'),
    ('square 13'),
    ('square 14'),
    ('square 15'),
    ('square 16'),
    ('square 17'),
    ('square 18'),
    ('square 19'),
    ('square 20'),
    ('square 21'),
    ('square 22'),
    ('square 23'),
    ('square 24'),
    ('square 25');

INSERT INTO  square_type_rel (square_id, type_id) VALUES 
    (1,-1), 
    (2,-1), 
    (3,-1), 
    (4,-1), 
    (5,-1), 
    (6,-1), 
    (7,-1), 
    (8,-1), 
    (9,-1),
    (10,-1), 
    (11,-1), 
    (12,-1), 
    (13,-1), 
    (14,-1), 
    (15,-1), 
    (16,-1), 
    (17,-1), 
    (18,-1), 
    (19,-1), 
    (20,-1), 
    (21,-1), 
    (22,-1), 
    (23,-1), 
    (24,-1), 
    (25,-1);

INSERT INTO games (game_id, type_id, is_scheduled, game_length, game_owner) VALUES (0, -1, FALSE, (interval '3 hours'), 00000000000000000);

INSERT INTO player_info (player_id, discord_id, game_id) VALUES (0, 00000000000000000, 0);

INSERT INTO card_info (player_id, square_id, square_position) VALUES
    (0,1,1),
    (0,2,2),
    (0,3,3),
    (0,4,4),
    (0,5,5),
    (0,6,6),
    (0,7,7),
    (0,8,8),
    (0,9,9),
    (0,10,10),
    (0,11,11),
    (0,12,12),
    (0,13,13),
    (0,14,14),
    (0,15,15),
    (0,16,16),
    (0,17,17),
    (0,18,18),
    (0,19,19),
    (0,20,20),
    (0,21,21),
    (0,22,22),
    (0,23,23),
    (0,24,24),
    (0,25,25);
